HDAC1_g1	CACCGGGCAACGTTACGAA
HDAC1_g2	ATCCGTCCAGATAACATGT
HDAC1_g3	GAGATGTTCCAGCCTAGTG
HDAC1_g4	GAGTCATGCGGATTCGGTG
HDAC1_g5	GAAGAGGCCTTCTACACCA
HDAC1_g6	CAAATGCAGGCGATTCCTG
HDAC10_g7	ACAACGCCGGATATCACAT
HDAC10_g8	CGCAGCCCTGGATCGCCTG
HDAC10_g9	GGATTTGACTCAGCCATCG
HDAC10_g10	GTCAGATGCAGACGCAGTG
HDAC10_g11	TACCACCTGGAGTCACTGG
HDAC10_g12	GCTGGAAGCCATAGGCCAG
HDAC11_g13	GAGGCTGGGCCATCAACGT
HDAC11_g14	CAACCGCCACATCTACCCA
HDAC11_g15	GCGAGCGTGATGTCCGCAT
HDAC11_g16	GGCACCGACATCCTCGAGG
HDAC11_g17	AGGCACCGACATCCTCGAG
HDAC11_g18	GATGAGTACCTGGATAAGG
HDAC2_g19	CTCCTCCAAGCATCAGTAA
HDAC2_g20	CAAAGAGTCCATCAAACAC
HDAC2_g21	ATGTATCAACCTAGTGCTG
HDAC2_g22	ACAACAGATCGTGTAATGA
HDAC2_g23	GGGTCATGCGGATTCTATG
HDAC2_g24	TTTGTCAGCTCTCAACTGG
HDAC3_g25	TCAGCCCCACCAATATGCA
HDAC3_g26	CCTGGAGCACAATGCACGT
HDAC3_g27	CATCAATGCCATCCCGCAG
HDAC3_g28	GGGTCAATGCCAGGCGATG
HDAC3_g29	CTTTAACCTCAGCATCCGA
HDAC3_g30	GTGGAAGTTGCCCACGTCG
HDAC4_g31	CATCAGCGTGTCATACACG
HDAC4_g32	GAGCCCATTGAGAGCGATG
HDAC4_g33	GGGCTGACTTACCGCAGAG
HDAC4_g34	TTACCCGTACCAGTAGCGA
HDAC4_g35	GTAGAGCTGGTCTTCAAGG
HDAC4_g36	GGGTTCGTGCCATACAGGA
HDAC5_g37	GGCCTGCTTAGCAAGTGCG
HDAC5_g38	CCGGGTGCGCTGTTACACA
HDAC5_g39	CGTTCACCCGTCACTAGTG
HDAC5_g40	TCAACAGCATCAAACCCGG
HDAC5_g41	TACAGCAGAAGTTGAACGT
HDAC5_g42	TGCTGTGCAGAGAAGTCCG
HDAC6_g43	GGACACGCAGCGATCTAGG
HDAC6_g44	GTGCTGAGTTCCATTACCG
HDAC6_g45	CTCTAGGATAAGGATAATG
HDAC6_g46	CTTCCAGTGCTGAGTACGT
HDAC6_g47	ACAGAAACACCGCATCCGG
HDAC6_g48	TGGAAGAAGACCTAATCGT
HDAC7_g49	GCAGTCGGTCCACTCTGAG
HDAC7_g50	AGGACTGGGCAAAGTGGAA
HDAC7_g51	TTACCTGTAGGGAATGCCG
HDAC7_g52	ACCTGGAGACAGATGGCGG
HDAC7_g53	GTCAAGCAGAAGCTAGCGG
HDAC7_g54	GGAGATGTAGAGCACACTG
HDAC8_g55	TAGTCAAATATCCCTTCAG
HDAC8_g56	CTGCAGATAAGCATCAGTG
HDAC8_g57	TAAATGTGCCCATTCAGGA
HDAC8_g58	TTTGAGCGTATTCTCTACG
HDAC8_g59	GGGAATATTACGATTGCGA
HDAC8_g60	TAGCAATTAACTGGTCTGG
HDAC9_g61	TTCCCTCTAAAGTAACATG
HDAC9_g62	GCTTTGATCCAATGATGTG
HDAC9_g63	ACAGCATGAGAACTTGACA
HDAC9_g64	AGAGCGCACGTGTGTGCGT
HDAC9_g65	GAGATGTTCCACTAAGGGG
HDAC9_g66	CGGACAACAGGGTCCACCA
SIRT1_g67	TAGCCTTGTCAGATAAGGA
SIRT1_g68	CGGCGGCGATTGGGTACCG
SIRT1_g69	TCTGAGCCATACCTATCCG
SIRT1_g70	CTGGTTTCATGATAGCAAG
SIRT1_g71	AAAGGAGCAGATTAGTAGG
SIRT1_g72	AAATGCTGGCCTAATAGAG
SIRT2_g73	GGAGAAGAAACGCGCTGGG
SIRT2_g74	CTGGGAGAATAAGTTCCGC
SIRT2_g75	TGCGCTGCTACACGCAGGT
SIRT2_g76	GGATGGAGAGCGAAAGTCG
SIRT2_g77	TACCATCTTCCCTACCCAG
SIRT2_g78	AGGTTGTCATAGAGGCCGG
SIRT3_g79	TACGATCTCCCGTACCCCG
SIRT3_g80	CAGAGGCCTCCCAGACCCG
SIRT3_g81	CCGGCATCAGCACACCCAG
SIRT3_g82	CTACACGCAGAACATCGAT
SIRT3_g83	TGCTGACAAACCTCCAGGG
SIRT3_g84	CTCTCCCTGCAGATCGCCG
SIRT4_g85	ACTGGGCGAGAAACTTCGT
SIRT4_g86	GGCACAAATAACCCAATGG
SIRT4_g87	TTCCCCACAATCCAAGCAC
SIRT4_g88	AGGAATCTCCACCGAATCG
SIRT4_g89	GAGTGCCCCAATCCGCCAG
SIRT4_g90	TGGGGAACAGACTCCCCGG
SIRT5_g91	GGAGTTCTACCACTACCGG
SIRT5_g92	CTCACACTCGGCTATGGCG
SIRT5_g93	CTCCAGCTCCTCTGAAGGT
SIRT5_g94	CCGGGGAAGTTTCTCAACT
SIRT5_g95	TTCTACCACTACCGGCGGG
SIRT5_g96	CACTAGACATAAATCACAG
SIRT6_g97	GACCTGGCACTCGCCGATG
SIRT6_g98	TACGTCCGAGACACAGTCG
SIRT6_g99	GTCTGGCAGTCTTCCAGTG
SIRT6_g100	CCATGGTCCAGACTCCGTG
SIRT6_g101	CAGGTTGACGATGACCAGG
SIRT6_g102	TTCCACAAACATGTTCCCG
SIRT7_g103	TTCAATGTACATGTTCCCG
SIRT7_g104	GTGCGGGTGTTCGATGTGA
SIRT7_g105	CGTCTATCCCAGACTACCG
SIRT7_g106	TGGTCGTCTACACAGGCGC
SIRT7_g107	TGGTGTCTCAGAACTGTGA
SIRT7_g108	GACCAAGCCCCCTAGCCGG
SMARCA1_g1	TTGGAACTAAAACCATGTG
SMARCA1_g2	TAGCTTGTAGATCAACCTG
SMARCA1_g3	AAGATTATTGCATGTGGCG
SMARCA1_g4	ACCCCGCATGAAGAAAGAG
SMARCA1_g5	TCCGACAAAACAAATGACA
SMARCA1_g6	ATCAGTATCAAGAAAGCCC
SMARCA2_g7	TCCCAGTCCTACTACACCG
SMARCA2_g8	CGTGGAACTAAAAGCACTT
SMARCA2_g9	CACCTAGGCTATTCAAATG
SMARCA2_g10	CAGAAGCTCTCCAAAGCAG
SMARCA2_g11	GTCTTCAAGCCACGAGCGG
SMARCA2_g12	AAAAAGCTAAGAAGAGAAG
SMARCA4_g13	TAGGTATGAAGTAGCTCCG
SMARCA4_g14	CAGCAGACAGACGAGTACG
SMARCA4_g15	GGCGTACGAGTTTGACAAG
SMARCA4_g16	GAACACCATCATGCAGCTG
SMARCA4_g17	GTAGTCCACCTCCTTGCGG
SMARCA4_g18	CAGGCTGCTGAACTTCCAG
SMARCA5_g19	CGTAGAACAGAGCAAGAGG
SMARCA5_g20	ATCAGCCTTAATTCGACGA
SMARCA5_g21	TGCATCTAGTAACCAACAG
SMARCA5_g22	ATGAGTGAATTCAAGAGAT
SMARCA5_g23	CAGTTGTCAGAAATAGTGA
SMARCA5_g24	TATCATATGGTACTAACAA
SMARCAD1_g25	GTCGGTAGTTCACTAGATG
SMARCAD1_g26	AAGGTCTTCCAATTCCGAA
SMARCAD1_g27	TGACCGTAGTCTGTTTCGA
SMARCAD1_g28	TGGCATACCTCTATCAGGA
SMARCAD1_g29	CTGGCATACCTCTATCAGG
SMARCAD1_g30	TGCTATCAACAAAAGCTGG
SMARCAL1_g31	CATTGCAGATGTCAAGACC
SMARCAL1_g32	CCAGATTGCATCAACGTCG
SMARCAL1_g33	GTGTTGATTGGGTACAATG
SMARCAL1_g34	TCCAAAGGCATGAAACTGG
SMARCAL1_g35	ATGGCACCACCACCAGGAG
SMARCAL1_g36	AGATCCTGACACCAAGACG
SMARCB1_g37	GAGAACGCATCTCAGCCCG
SMARCB1_g38	AGAACCTCGGAACATACGG
SMARCB1_g39	CAGATCGAGTCCTACCCCA
SMARCB1_g40	CTTCTTGTCTCGGCCCATG
SMARCB1_g41	TGGCTGGCACAAACGTCAG
SMARCB1_g42	CGACCAGGACAGGAACACG
SMARCC1_g43	ATTCTTCCTCACAAGACGA
SMARCC1_g44	GATGATTGGAACAAAGTGT
SMARCC1_g45	GTTAAAGGAGGAACTGTAG
SMARCC1_g46	CTGGGCAAGCACTACAAGA
SMARCC1_g47	GTGGGATCCACTTTCCCAG
SMARCC1_g48	TCAGCGGCTACCAAAGCCA
SMARCC2_g49	ACTCGGGGATCGACGACAG
SMARCC2_g50	TACCTATTGTAGTCAAACC
SMARCC2_g51	ATGCCTATTACCTGCACCA
SMARCC2_g52	GTACGACCAGTCATGAAGA
SMARCC2_g53	GTGAAGTACTACGAGGCCG
SMARCC2_g54	GGTACGACCAGTCATGAAG
SMARCD1_g55	AAACGGCTAGATATCCAAG
SMARCD1_g56	TTGTCCAGTTCAATCACCA
SMARCD1_g57	CTGGTAATCCAGCATCAGT
SMARCD1_g58	AGCGGTACAGCCCTTGACC
SMARCD1_g59	ACTGGACCAGACTATCATG
SMARCD1_g60	GTGGCATCATATTTGGACA
SMARCD2_g61	CGGAATGGATCCATCATGG
SMARCD2_g62	TACGGGCCTGACAATCACC
SMARCD2_g63	CCAGACCATTGCTCGCAAG
SMARCD2_g64	GGAGTGCACACGCAGACGA
SMARCD2_g65	GTGATTGGAAATCCTGAGG
SMARCD2_g66	CTTGTCCAGCTCAATGACG
SMARCD3_g67	CTGCAGGACTCCCATGACA
SMARCD3_g68	TCTTGGTCTTACCTCAACG
SMARCD3_g69	TTTCCTCTCAAATGCCAAG
SMARCD3_g70	GGGGATCCAGTTTGAACTG
SMARCD3_g71	GGCACTCACCCTTTGAGGG
SMARCD3_g72	GTAGCCGGCAACCCTGAAG
SMARCE1_g73	CCAACAGCCGGGTCACGGT
SMARCE1_g74	GAAATTCTTAGTGAGAGTG
SMARCE1_g75	CGACAGAGACAATCTCGCA
SMARCE1_g76	ATGTAAGCAAGGTACGCGG
SMARCE1_g77	AATACGAAGCAGAAAAGGT
SMARCE1_g78	ATGCAGGTCCTCAAACGGC
SET_g1	CTTAATGAACAAGCCAGTG
SET_g2	CATTTGTCAACCATCCACA
SET_g3	GATTTCCATTTGATTTCGG
SET_g4	CTCAACTCCAACCACGACG
SET_g5	CCAAAACATACCTTGTGGA
SET_g6	CTAGTGTCTGCACTGCTTG
SETBP1_g7	TCCGCAGATAGTGCCCAAG
SETBP1_g8	GTGAGCGAGTCCCACAGTG
SETBP1_g9	CCCGTTGCTCTATCTTCGT
SETBP1_g10	AGGAGGTGTGTCTAAGCCG
SETBP1_g11	AAGGAGGCAAACTTCACAG
SETBP1_g12	GTGGATTCCAACTCCAACG
SETD1A_g13	ATGTGCCGTAAGTACGGTG
SETD1A_g14	GAGCCATCGGAAATTTCCG
SETD1A_g15	AGATCTCCGACGACGACCG
SETD1A_g16	GTATGCTCTATATGCACAG
SETD1A_g17	AGGCTGAATGACAACGTGC
SETD1A_g18	GTGCTGGTGAAGAGCACAC
SETD1B_g19	GAACTCTCACTGGACGACG
SETD1B_g20	TACAGGGGAAACCCGAATG
SETD1B_g21	TATGTACACAATTCTCCCG
SETD1B_g22	CAGCAGGCACGAGGCGATG
SETD1B_g23	TGCTCGCCCGACTTCACCG
SETD1B_g24	ACGGGTCAAACTTGGGCAG
SETD2_g25	CTGAAGTCATCCATGACAC
SETD2_g26	GACTGTGAACGGACAACTG
SETD2_g27	TAAAGAACCAGTTGATACG
SETD2_g28	ATGAACTGGGATTCCGACG
SETD2_g29	CATCTCCTTCACTCAACGG
SETD2_g30	GCGGATCAGCCAATTGCCG
SETD3_g31	GACAGACTCTACGCCATGA
SETD3_g32	ATCACTACTGGTTACAACC
SETD3_g33	GTTACAGAATGCAGCAGTC
SETD3_g34	AGGAGTGTCATATTCACTG
SETD3_g35	AGTGTCATATTCACTGGGG
SETD3_g36	GAGGTCGTTACCAGGCCGT
SETD4_g37	CGGCCCTCACGATAATCAA
SETD4_g38	GCAAAGAACTCCTGCACGT
SETD4_g39	CAGGGCAGGTATACGCCTT
SETD4_g40	GTGATTCGAAGCTACTTAG
SETD4_g41	GAAGAGAAAAAGTCTCTGG
SETD4_g42	CTGCAGCCTCTGTTTGCGG
SETD5_g43	TGTTGGTGTGAATACCCGG
SETD5_g44	GGTTATTAGACTTCATCGG
SETD5_g45	TGCCCTTTACGTATCACAA
SETD5_g46	GCGACACATGATTGCAGAT
SETD5_g47	CGAGGATCTCCTCTAGTGG
SETD5_g48	TGGAGCAGTAATTATAAAG
SETD6_g49	TGACCTATAGGCCATCACA
SETD6_g50	GCCAATCTAGAATACTCTG
SETD6_g51	GGCAACTGATTCATATGTA
SETD6_g52	GTGTGCTGCGACAGGAGCG
SETD6_g53	CAGACTTAAAAACTGACCA
SETD6_g54	TTCTAGGGAGCGAACCCTG
SETD7_g55	CTATGTGTACCCTGATGAG
SETD7_g56	ACGATGACGGATTACCGCA
SETD7_g57	GTTTACACTTACGAAGATG
SETD7_g58	CGGAGAAAAGAACGGACGG
SETD7_g59	TGGGAGACTGATCTTCAAG
SETD7_g60	GTTCGAATTACACACCAAG
SETD8_g61	GAATCTACAGGAAACGAGA
SETD8_g62	GACAGATTGACCTCATCGA
SETD8_g63	CACGTGACTACCTGCAGCT
SETD8_g64	TTAGGAGAACGTATTTACC
SETD9_g65	CAGTCGTATCTATGTATCC
SETD9_g66	ATCATTTAAGAATAGAGCC
SETD9_g67	ACTGGCAGTTGAACATCAA
SETD9_g68	TCCTCTGGAACATATCGGA
SETD9_g69	TGCGATCCAGGGAACGAAG
SETD9_g70	GAACCTAAGCCACAACCCG
SETDB1_g71	GATGTGAGTGGATCTATCG
SETDB1_g72	CTTACCTGAATCAATACTG
SETDB1_g73	TTATCTATAAGACACCTTG
SETDB1_g74	AGGAAAGAGTCTACTGTCG
SETDB1_g75	GAACTGGGTATCTCTATGG
SETDB1_g76	CTTGAGCAGTACCATGGGG
SETDB2_g77	TGGTTAGATTATATGCTCG
SETDB2_g78	CCAACATGGTCCTCAAGTG
SETDB2_g79	AAGTTCAGTAATAATCCCA
SETDB2_g80	GGAAGGAGTCTACGAAACG
SETDB2_g81	AGGAGTCTACGAAACGTGG
SETDB2_g82	TGCTTCATACCTTTATTGG
BRD1_g1	GTTCTATAGAGCCGCGGTG
BRD1_g2	CAGCAGTCTCTGATCGACG
BRD1_g3	AGGCCTCTGAATATTTACG
BRD1_g4	AGACAGATGACGACCGCTG
BRD1_g5	CAACAAGGAAAACAGCGAG
BRD1_g6	TAGTTCTTAAGCAGACAGG
BRD2_g7	CAGCTGCAATACCTACACA
BRD2_g8	TTGTTGTAAATGTAACAGT
BRD2_g9	CAGTGGTAGGTATCTCAGG
BRD2_g10	CCACTCTCTCTACGCATAG
BRD2_g11	CAGGCAAGTCTTTGCGTGG
BRD2_g12	CATGAGTTACGATGAGAAG
BRD3_g13	TACAATCCCCCAGACCACG
BRD3_g14	ATGCTATCCAAGAAGCACG
BRD3_g15	ATCACTGCAAACGTCACGT
BRD3_g16	GAAGGTACACAGCAAGTGG
BRD3_g17	CAGTACATGCAGAATGTGG
BRD3_g18	TGCTCACCTTGACGACAGG
BRD4_g19	GTCGAACTGTCACTGTCCG
BRD4_g20	CAGACCCCTGTCATGACAG
BRD4_g21	ACCAAACTCCTGAGCATCA
BRD4_g22	GTCGATTTCAATCTCGTCG
BRD4_g23	AACCCTCCTGACCATGAGG
BRD4_g24	CAACCCTAACAAGCCCAAG
BRD7_g25	CTGTGGATCCCATTGTAGG
BRD7_g26	ACTGATGAGACAATTGCAG
BRD7_g27	GGCAAGTCTAATCTCACAG
BRD7_g28	AAGTCACCGAACTCTCCAC
BRD7_g29	ACGTGCTTACGATATCACC
BRD7_g30	CGGACAAACACCTCTACGA
BRD8_g31	AGGAGTCAGGACTTAGATG
BRD8_g32	ATATTGCTGTGTCTTACAC
BRD8_g33	GGGACACAGACTCTACAGG
BRD8_g34	GGAGGTGATTATCCACTTG
BRD8_g35	TTTGAGAGAACCAGTCTGG
BRD8_g36	AGTGAGGAATCTCAGGAAG
BRD9_g37	TTGACGGACAGTACCGCAG
BRD9_g38	CTCCAGTTACTATGATGAC
BRD9_g39	GATACCGTGTACTACAAGT
BRD9_g40	GAGAGGGAGCACTGTGACA
BRD9_g41	TTACCTCTGAAGCTGGCGG
BRD9_g42	GAGATATCCACAGAAACGT
DNMT1_g43	CTCTACTGGAGCGACGAGG
DNMT1_g44	ATTTCTGATGAAAAAGACG
DNMT1_g45	AGGCAAAAAGAAATCCCCA
DNMT1_g46	CACCCAAAAAAATGCACCA
DNMT1_g47	CGTAAAGAAGAATTATCCG
DNMT1_g48	GGCTCCACAGTGTTCACAG
DNMT3A_g49	GATGACGAGCCAGAGTACG
DNMT3A_g50	CGGGAACAGCTTCCCCGCG
DNMT3A_g51	CGTACCAGTACGACGACGA
DNMT3A_g52	CGGGCACAAGGGTACCTAC
DNMT3A_g53	CATGGGCGTTAGTGACAAG
DNMT3A_g54	CACTGCAAAACGAGCTCAG
DNMT3B_g55	GGGATGAAGATCAGAGCCG
DNMT3B_g56	CATGTGGACGAGTCCCCCG
DNMT3B_g57	CCAACAACACGCAACCAGG
DNMT3B_g58	GCCTTCCAAGACACCACCA
DNMT3B_g59	GACATCTCACGGTTCCTGG
DNMT3B_g60	GCGTGAGTAATTCAGCAGG
DNMT3L_g61	CGAAACCGTGCCTGTGTGG
DNMT3L_g62	TCTGCGCCCCATGTAAGGT
DNMT3L_g63	CTTATTGCATATGAAGTCA
DNMT3L_g64	GTGCACGCCATGAGCAACT
DNMT3L_g65	TCCCTGCCTACCTTACATG
DNMT3L_g66	ATGGCGTGCACCTTCCCCG
KMT2A_g67	GGGGTCTTAATGATCCGCG
KMT2A_g68	TGACCATAATTATGCTCAG
KMT2A_g69	AGATCAGTAGCGGTCCCGG
KMT2A_g70	GAAAGGACGTCGATCGAGG
KMT2A_g71	GTGAGACAGCAACCCACGG
KMT2A_g72	TTACAGAGGGCAAAAAAGG
KMT2B_g73	GAGCCACATCTGCTAGGCG
KMT2B_g74	AGATGCGCATGGCTCGATG
KMT2B_g75	GATTCGTAGATCTTCAGGT
KMT2B_g76	GGGCCCAGCTATCCAACCC
KMT2B_g77	AAGCGCAACATCGACGCGG
KMT2B_g78	ATGCGGGGACCTTGCACAG
KMT2C_g79	CACACGGTCTAGTTCTCAG
KMT2C_g80	TTCAGACATTAGGCCATCG
KMT2C_g81	CCATGCGACGACCTCCCCA
KMT2C_g82	TGTTGCCAATACACAATCA
KMT2C_g83	ATAATGAAAGCCAAAATGG
KMT2C_g84	TATCTAGGTCCTAAAGGAG
KMT2D_g85	GTGGAAATTCCCGCCAACG
KMT2D_g86	CTTCGAAGCGAAAGTACTG
KMT2D_g87	TCGGGGTAGACCTCCATAG
KMT2D_g88	CCCTATCCTAGTCCTACGG
KMT2D_g89	GAGTGGCAGCTCCATAAGG
KMT2D_g90	TGTGGGCATCACTATCACG
KMT2E_g91	GATCTGTAGTTATGCGTAG
KMT2E_g92	GGGGTGATACACTAATGAG
KMT2E_g93	GGCAGTGCTACTACAACGC
KMT2E_g94	TGAGTTGGTGTAGCATACG
KMT2E_g95	CTTTCCAGTAAGTACAAGG
KMT2E_g96	ATGTATTTACCTCTACAGG
BCL6_g1	CCCTCACCTGCAGGCCATG
BCL6_g2	ATCTGCAGGTACATAGCCG
BCL6_g3	AGTGATATGCACTACAGTG
BCL6_g4	AAGACATCATGGCCTATCG
BCL6_g5	TGGGGGACACCTCCAAAGT
BCL6_g6	CTCCTCATCGGAGAAGAGG
EZH1_g7	CCATTCTCAGGGAACATTG
EZH1_g8	GCGCCGGCAAAAAAGTGTG
EZH1_g9	CCACCTCAACTCTGCGTAG
EZH1_g10	ACTAATCAGAACGGATCCA
EZH1_g11	ATTCTGAGTCATGATGCAG
EZH1_g12	CCCAGATGACATGAAGGAG
EZH2_g13	TGTTGGGGGTACATTCAGG
EZH2_g14	TATCAGAAGGAAATTTCCG
EZH2_g15	TATGATGGGAAAGTACACG
EZH2_g16	TTCTGTGAGCTCATTGCGC
EZH2_g17	AACACCCAACACTTATAAG
EZH2_g18	AGAACTGCAGTATTCAGCG
JARID2_g19	CTTAGACTGGTCATTACCA
JARID2_g20	GAGATTGTGTGGTTGACAG
JARID2_g21	CCGACTCGATGTAGATGAG
JARID2_g22	TGAGCCGACCGATGCAGAG
JARID2_g23	CCTGCAGCAAGAGTACTGG
JARID2_g24	CTGAGCGAAGAGTCGCCGC
DOT1L_g25	GGAGCGAATCGCCAACACG
DOT1L_g26	CTGGAGGACTCATCCAAGG
DOT1L_g27	CAGACCGTGTCTCAGACGG
DOT1L_g28	CAGCAGGTCTACAACCACT
DOT1L_g29	CAGCTTCGAGAGCATGCAG
DOT1L_g30	CACTCACGTAGACCGGCAG
EED_g31	TGTGAATGACATTCATACA
EED_g32	TGGCTCGTATTGCTATCAT
EED_g33	AGAGAATGATCCATACCAC
EED_g34	CAAACACGCCAAATGCACC
EED_g35	TTATGTTGATTGTGTGCGA
EED_g36	TGGCTGTAGCTGGATCTAG
SUZ12_g37	GAGACTATTCTTGATGGGA
SUZ12_g38	AGACTCTCTGAATTTCTAG
SUZ12_g39	CTATAGATTTCTTCGAACT
SUZ12_g40	GGCAGTTCAGAGTACACCA
SUZ12_g41	GAAGAGTGAACTGCAACGT
SUZ12_g42	GTTATTTCTTCGTTTGCAG
AEBP1_g43	CAGACCTTTCATGGGAACG
AEBP1_g44	TGTGACTCCATCCCAATGG
AEBP1_g45	CACCAGGCTGCGCACACGT
AEBP1_g46	CACCACCCCCTTAATGCCG
AEBP1_g47	TGGGAGCAAATCTGAACGG
AEBP1_g48	TGACCGAGCCCTACCGCGG
AEBP2_g49	TAGACAGCACAATTTCCAG
AEBP2_g50	TCCATCTACCAGTCAAAGT
AEBP2_g51	CGGCGCTGCTGCTGAACGG
AEBP2_g52	AGGAGCCCAAGGGACCGCG
AEBP2_g53	GGCATATGCTGACACACAG
AEBP2_g54	CAGCTTTGCTTCTCAGGGA
RBBP4_g55	CTTGGAACCCAAATCTCAG
RBBP4_g56	ACTACGACAGTGAGAAAGG
RBBP4_g57	TTGCCGTTACAGACCAGAA
RBBP4_g58	CTTTGTTGCGATGATACAA
RBBP4_g59	ATTTAAGACCATCTGCCTG
RBBP4_g60	ATTGCCGTTACAGACCAGA
PHF1_g61	GTGGCTGTTAAGAGCAGAG
PHF1_g62	GATCGCAAAGACACACTGG
PHF1_g63	CTGATGGGCTGCTATACTT
PHF1_g64	TCTGCCATATGGACTGAAG
PHF1_g65	GAATGCTGTGTGTGTCGCG
PHF1_g66	CTTGACCCTCCCAAAGCCG
EP300_g67	TGGCACGAAGATATTACTC
EP300_g68	GTACGACTAGGTACAGGCG
EP300_g69	TGTAATAAGTGGCATCACG
EP300_g70	TGGTGAACCATAAGGATTG
EP300_g71	GATCAGGATCAACAATGGG
EP300_g72	AAATGGAGAAACTAGGCCT
ASH1L_g73	AGGGCAGGACATGTGACAA
ASH1L_g74	GAACCCAGAACATAAAAAG
ASH1L_g75	CTATGACCAACGTTCAAGT
ASH1L_g76	GGCTTCTTACAGTTACAGG
ASH1L_g77	ATCATTGAATACCTAGGGG
ASH1L_g78	TCTTGGAAGACTTGGAAGG
EHMT1_g79	CTTATACGACTCAGAACCT
EHMT1_g80	GGCCGGTGCACAAACAGCG
EHMT1_g81	AACACACTAACTCGGATAG
EHMT1_g82	TCGGCTGCTTCCATCAACG
EHMT1_g83	CAAGCCAGCCAGGAAAAGG
EHMT1_g84	GACCAAAGTATTAAAACAG
EHMT2_g85	TCCAGGTGGTTGTTCACCA
EHMT2_g86	GGACAGGTACAACTGCCGA
EHMT2_g87	AAGAGGTGACCATCCCCCG
EHMT2_g88	TACACTCGAAAATCAGCGG
EHMT2_g89	CGGACAGGTACAACTGCCG
EHMT2_g90	GATTGACCGCATCAGCGAG
PRDM2_g91	TCTTTACAGCACTACACGT
PRDM2_g92	CTCAAGTAGGTTTAAGAGG
PRDM2_g93	CTCCTGGTCTGGTACAATG
PRDM2_g94	TGGCAACAGTTAATACCGG
PRDM2_g95	TGGCACACAGATTAACCGG
PRDM2_g96	GAAGTTTACAACCAAACAG
NSD1_g97	AGCACATAAAGATGAACGG
NSD1_g98	ATGCATGATAGTAAGACGA
NSD1_g99	AATTGCTAGTTAAAACGCC
NSD1_g100	CCCTATCGGCAGTACTACG
NSD1_g101	TCCAAGCGCCAATATCCAG
NSD1_g102	GGGCACATCTCACAGAAGG
SOX9_g1	ACTTCCGCGACGTGGACAT
SOX9_g2	TCACCGACTTCCTCCGCCG
SOX9_g3	CCATGTCCGAGGACTCCGC
SOX9_g4	CTCACCCGAGTGCTCGCCG
SOX9_g5	AAGGCTGACCTGAAGCGAG
SOX9_g6	GTCGGTCATCTTCATGAAG
PROM1_g7	GTAGTAAAAAATCACGATG
PROM1_g8	TGTGAACCTTACACGAGCA
PROM1_g9	TCACCTGCTACGACAGTCG
PROM1_g10	GTCGTTGCTGTAACAAATG
PROM1_g11	CACGCCACACAGTAAGCCC
PROM1_g12	GTTGCTGTAACAAATGTGG
KRT20_g13	ACTATGGGAGCGATCTCAC
KRT20_g14	AGAGGAATACGTCTAACAG
KRT20_g15	TAGTCGCGACCAGCCCTCG
KRT20_g16	CAGCACCCCCATAAACGCT
KRT20_g17	GGCAACACTGTCAATGTGG
KRT20_g18	TTCTCCTTCCAGAAGGCGG
LRIG1_g19	ATGTGAAAATAGATGACGC
LRIG1_g20	GTGGTTGGTGATGACACAT
LRIG1_g21	CCTTTATAGGCGGTCCGTG
LRIG1_g22	TCCTGCCAATTAGCCACGG
LRIG1_g23	ATGGTGAAGATGCCTACCG
LRIG1_g24	GGTAGCTTGGAACATCTGG
CTRL0001_g25	TAGCGAACGTGTCCGGCGT
CTRL0002_g26	ACCGGAACGATCTCGCGTA
CTRL0003_g27	GCAGTCGTTCGGTTGATAT
CTRL0004_g28	CTTGAGCACATACGCGAAT
CTRL0005_g29	TGGTAGAATAACGTATTAC
CTRL0006_g30	TCATACATGGATAAGGCTA
CTRL0007_g31	ATACACGAAGCATCACTAG
CTRL0008_g32	AACGTTGGCACTACTTCAC
CTRL0009_g33	ATCCATGTAATGCGTTCGA
CTRL0010_g34	TCGTGAAGTGCATTCGATC
ROSA26_g35	GGCCTCAACTGCAAGAGGA
ROSA26_g36	CGCCGGCCTCAACTGCAAG
ROSA26_g37	AATCCTAGGGAGCGGGTAA
ROSA26_g38	AAAGGACGCGTTCCGCACA
ROSA26_g39	CTTCTAAAAAATGCAGCTG
ROSA26_g40	GCCGGGGGAAGTATTAGAG
ROSA26_g41	GTGAGAGTAGTACCTGGTT
ROSA26_g42	TTAGAAATGCTCAACTGGC
ROSA26_g43	TATCTTCACAAAGCTGCTG
ROSA26_g44	TCAGCTTTCCCCTAGAGAA
CCR5_g45	ATATAGACAGTATAAAAGT
CCR5_g46	AACAGGCCAAGCAGCTGAG
CCR5_g47	ATCTCAGAAGCTAACTAAC
CCR5_g48	ACTCCCTGCACCTTAGACT
CCR5_g49	GGCCGGGTGCCCAAGTCCC
CCR5_g50	TAGGGCAACCTTATGAGGC
CCR5_g51	TAATAATTAAGAGGCCTCG
CCR5_g52	CAAGCCAGTAATAATTAAG
CCR5_g53	GACCATGACAAGCAGCGGC
CCR5_g54	ATGTGAAGGGGAGATAAAA
AAVS1_g55	CTCCCTGGCCACTTTGCAC
AAVS1_g56	ATGTGCGCACCCTGGAGCC
AAVS1_g57	GCTGTAGTCAGGGACTGGG
AAVS1_g58	ATCGTTCACAATAGCCCAG
AAVS1_g59	GGCCGGAAAAGGCCATTTG
AAVS1_g60	CATGATGCAGAATTCCCCG
AAVS1_g61	CTGCACCCCAGCTCTAAGG
AAVS1_g62	TGCGCAGGACCTGGATCAC
AAVS1_g63	ACTTGCATCAGCTTCTCAG
AAVS1_g64	TTTCCCTTGGACCCCAGGG
EGFP_g65	GGGCGAGGAGCTGTTCACCG
EGFP_g66	GAGCTGGACGGCGACGTAAA
EGFP_g67	GGCCACAAGTTCAGCGTGTC
EGFP_g68	GGAGCGCACCATCTTCTTCA
EGFP_g69	GAAGTTCGAGGGCGACACCC
EGFP_g70	GGTGAACCGCATCGAGCTGA
mKate2_g71	CTACAACGTCAAGATCAGAG
mKate2_g72	GTCACCACATACGAAGACGG
mKate2_g73	GCACATGAAGCTGTACATGG
mKate2_g74	GTGATGCAGAAGAAAACACT
mKate2_g75	ACCTTCATCAACCACACCCA
mKate2_g76	CACTTCAAGTGCACATCCGA
